internal_id,en,ru,ua
en,English,–∞–Ω–≥–ª–∏–π—Å–∫–∏–π,
fr,French,—Ñ—Ä–∞–Ω—Ü—É–∑—Å–∫–∏–π,
de,German,–Ω–µ–º–µ—Ü–∫–∏–π,
es,Spanish,–∏—Å–ø–∞–Ω—Å–∫–∏–π,
it,Italian,–∏—Ç–∞–ª—å—è–Ω—Å–∫–∏–π,
pl,Polish,–ø–æ–ª—å—Å–∫–∏–π,
cz,Czech,—á–µ—à—Å–∫–∏–π,
se,Swedish,—à–≤–µ–¥—Å–∫–∏–π,
option_yes,Yes,–î–∞,–î–∞
option_no,No,–ù–µ—Ç,–ùi
hello,Hello,–ó–¥—Ä–∞–≤—Å—Ç–≤—É–π—Ç–µ,–ü—Ä–∏–≤—ñ—Ç
choose_language_of_conversation,"In which language do you want to communicate with me? To stop talking to me at, you can send /cancel at any time.","–ù–∞ –∫–∞–∫–æ–º —è–∑—ã–∫–µ –º—ã –±—É–¥–µ–º –æ–±—â–∞—Ç—å—Å—è? –î–ª—è –∑–∞–≤–µ—Ä—à–µ–Ω–∏—è —Ä–∞–∑–≥–æ–≤–æ—Ä–∞ —Å–æ –º–Ω–æ–π –í—ã –º–æ–∂–µ—Ç–µ –≤ –ª—é–±–æ–π –º–æ–º–µ–Ω—Ç –≤–≤–µ—Å—Ç–∏ –∫–æ–º–∞–Ω–¥—É /cancel",
ask_already_with_us,Are you already teaching or taking classes with us?,–í—ã –∑–∞–Ω–∏–º–∞–µ—Ç–µ—Å—å –∏–ª–∏ –ø—Ä–µ–ø–æ–¥–∞—ë—Ç–µ —É –Ω–∞—Å –ø—Ä—è–º–æ —Å–µ–π—á–∞—Å?,
reply_go_to_other_chat,Please contact your coordinator to get the link to the new chat with coordinators.,–ü–æ–∂–∞–ª—É–π—Å—Ç–∞ —Å–≤—è–∂–∏—Ç–µ—Å—å —Å–æ —Å–≤–æ–∏–º –∫–æ–æ—Ä–¥–∏–Ω–∞—Ç–æ—Ä–æ–º –∏ –ø–æ–ª—É—á–∏—Ç–µ —Å—Å—ã–ª–∫—É –Ω–∞ –Ω–æ–≤—ã–π —á–∞—Ç —Å –∫–æ–æ—Ä–¥–∏–Ω–∞—Ç–æ—Ä–∞–º–∏.,
reply_chat_id_found,I think we have already chatted before üòâ Are you sure you want to register another person from the same account\?,"–ö–∞–∂–µ—Ç—Å—è, –º—ã —Å –í–∞–º–∏ —É–∂–µ –æ–±—â–∞–ª–∏—Å—å üòâ –í—ã —É–≤–µ—Ä–µ–Ω—ã, —á—Ç–æ —Ö–æ—Ç–∏—Ç–µ –∑–∞—Ä–µ–≥–∏—Å—Ç—Ä–∏—Ä–æ–≤–∞—Ç—å –∫–æ–≥–æ\-—Ç–æ –µ—â—ë —Å —ç—Ç–æ–≥–æ –∞–∫–∫–∞—É–Ω—Ç–∞\?",
ask_first_name,What name would you like our coordinators and teachers to use when communicating with you?,"–ö–∞–∫–æ–µ –∏–º—è —Å–æ–æ–±—â–∏—Ç—å –Ω–∞—à–∏–º –∫–æ–æ—Ä–¥–∏–Ω–∞—Ç–æ—Ä–∞–º –∏ —É—á–∏—Ç–µ–ª—è–º –¥–ª—è –æ–±—â–µ–Ω–∏—è —Å –í–∞–º–∏?",
ask_role,Do you wish to become a student or a teacher?,–í—ã —Ö–æ—Ç–∏—Ç–µ —É—á–∏—Ç—å —è–∑—ã–∫ –∏–ª–∏ –ø—Ä–∏—Å–æ–µ–¥–∏–Ω–∏—Ç—å—Å—è –≤ –∫–∞—á–µ—Å—Ç–≤–µ –ø—Ä–µ–ø–æ–¥–∞–≤–∞—Ç–µ–ª—è?,
option_student,student,—Ö–æ—á—É –∏–∑—É—á–∞—Ç—å —è–∑—ã–∫,
option_teacher,teacher,—Ö–æ—á—É –ø—Ä–µ–ø–æ–¥–∞–≤–∞—Ç—å,
student_ukraine_disclaimer,Please note that by continuing the registration as a student you confirm that you are from the Ukraine,"–ü–æ–∂–∞–ª—É–π—Å—Ç–∞, –æ–±—Ä–∞—Ç–∏—Ç–µ –≤–Ω–∏–º–∞–Ω–∏–µ, —á—Ç–æ, –ø—Ä–æ–¥–æ–ª–∂–∞—è —Ä–µ–≥–∏—Å—Ç—Ä–∞—Ü–∏—é –≤ –∫–∞—á–µ—Å—Ç–≤–µ —Å—Ç—É–¥–µ–Ω—Ç–∞, –í—ã –ø–æ–¥—Ç–≤–µ—Ä–∂–¥–∞–µ—Ç–µ, —á—Ç–æ –í—ã –∏–∑ –£–∫—Ä–∞–∏–Ω—ã",
ask_age,"How old are you\? We don't need your exact age, just choose the age group so we can find the best group for you","–°–∫–æ–ª—å–∫–æ –í–∞–º –ª–µ—Ç\? –ù–∞–º –Ω–µ –Ω—É–∂–µ–Ω —Ç–æ—á–Ω—ã–π –≤–æ–∑—Ä–∞—Å—Ç, –ø—Ä–æ—Å—Ç–æ –≤—ã–±–µ—Ä–∏—Ç–µ –∏–∑ –≤–∞—Ä–∏–∞–Ω—Ç–æ–≤ –Ω–∏–∂–µ, —á—Ç–æ–±—ã –º—ã –º–æ–≥–ª–∏ –ø–æ–¥–æ–±—Ä–∞—Ç—å –≥—Ä—É–ø–ø—É, –∫–æ—Ç–æ—Ä–∞—è –ø–æ–¥–æ–π–¥—ë—Ç –í–∞–º –ª—É—á—à–µ –≤—Å–µ–≥–æ",
ask_if_18,Are you 18 or older?,–í–∞–º —É–∂–µ –∏—Å–ø–æ–ª–Ω–∏–ª–æ—Å—å 18?,
ask_if_over_16_and_can_host_speaking_clubs,"Unfortunately, teachers in our groups must be at least 18 years old. However, if you are 16 or older, you can host sessions of our speaking clubs","–ö —Å–æ–∂–∞–ª–µ–Ω–∏—é, –≤–µ—Å—Ç–∏ –∑–∞–Ω—è—Ç–∏—è —É –Ω–∞—Å –º–æ–≥—É—Ç —Ç–æ–ª—å–∫–æ –ø—Ä–µ–ø–æ–¥–∞–≤–∞—Ç–µ–ª–∏ –æ—Ç 18 –ª–µ—Ç. –ù–æ –µ—Å–ª–∏ –í–∞–º —É–∂–µ –∏—Å–ø–æ–ª–Ω–∏–ª–æ—Å—å 16, –í—ã –º–æ–∂–µ—Ç–µ –ø–æ–º–æ–≥–∞—Ç—å –Ω–∞–º –≤–µ—Å—Ç–∏ —Ä–∞–∑–≥–æ–≤–æ—Ä–Ω—ã–µ –∫–ª—É–±—ã",
option_young_teacher_under_16,I am younger than 16,–ú–Ω–µ –º–µ–Ω—å—à–µ 16 –ª–µ—Ç,
option_young_teacher_over_16_but_no_speaking_club,I am old enough but won't host speaking clubs,"–Ø —Å—Ç–∞—Ä—à–µ, –Ω–æ –Ω–µ —Ö–æ—á—É –≤–µ—Å—Ç–∏ —Ä–∞–∑–≥–æ–≤–æ—Ä–Ω—ã–µ –∫–ª—É–±—ã",
option_young_teacher_over_16_and_ready_for_speaking_club,I am 16 and I'm ready,–ú–Ω–µ –µ—Å—Ç—å 16 –∏ —è –≥–æ—Ç–æ–≤(–∞),
reply_cannot_work,"Unfortunately, we will not be able to work with you. Thank you for your time!","–ö —Å–æ–∂–∞–ª–µ–Ω–∏—é, –º—ã –Ω–µ —Å–º–æ–∂–µ–º —Ä–∞–±–æ—Ç–∞—Ç—å —Å –í–∞–º–∏. –°–ø–∞—Å–∏–±–æ –∑–∞ —É–¥–µ–ª—ë–Ω–Ω–æ–µ –≤—Ä–µ–º—è!",
ask_last_name,What is your last name (or whatever you want to use instead)?,"–°–æ–æ–±—â–∏—Ç–µ, –ø–æ–∂–∞–ª—É–π—Å—Ç–∞, –í–∞—à—É —Ñ–∞–º–∏–ª–∏—é –∏–ª–∏ –ø—Å–µ–≤–¥–æ–Ω–∏–º",
ask_source,How did you find out about Samantha Smith's Group?,–û—Ç–∫—É–¥–∞ –í—ã —É–∑–Ω–∞–ª–∏ –æ Samantha Smith's Group?,
ask_username_1,We can store your username,–ú—ã –º–æ–∂–µ–º —Å–æ—Ö—Ä–∞–Ω–∏—Ç—å –í–∞—à –Ω–∏–∫,
ask_username_2, so that you don't have to give us your phone number. But in this case please make sure you don't change your username while you're with us.,", —á—Ç–æ–±—ã –í–∞–º –Ω–µ –ø—Ä–∏—à–ª–æ—Å—å —Å–æ–æ–±—â–∞—Ç—å –Ω–∞–º –í–∞—à –Ω–æ–º–µ—Ä —Ç–µ–ª–µ—Ñ–æ–Ω–∞. –ù–æ –≤ —ç—Ç–æ–º —Å–ª—É—á–∞–µ –º—ã –ø—Ä–æ—Å–∏–º –í–∞—Å –Ω–µ –º–µ–Ω—è—Ç—å –í–∞—à –Ω–∏–∫ –≤ Telegram, –ø–æ–∫–∞ –í—ã –∑–∞–Ω–∏–º–∞–µ—Ç–µ—Å—å —Å –Ω–∞–º–∏.",
username_reply_yes,"store it","—Å–æ—Ö—Ä–∞–Ω—è–π—Ç–µ",
username_reply_no,"I'll give my number","–¥–∞–º –Ω–æ–º–µ—Ä —Ç–µ–ª–µ—Ñ–æ–Ω–∞",
ask_phone,"Please provide your phone number in *international format* \(starting with \+ or 00\)\. The country code for Ireland is \+353, for Ukraine \+380\. For the full list of country codes, you can consult e\.g\. [this website](https://www.internationalcitizens.com/international-calling-codes/)\. You can also simply press the button below to send us your current phone number","–ü–æ–∂–∞–ª—É–π—Å—Ç–∞, —Å–æ–æ–±—â–∏—Ç–µ –í–∞—à –Ω–æ–º–µ—Ä —Ç–µ–ª–µ—Ñ–æ–Ω–∞ *–≤ –º–µ–∂–¥—É–Ω–∞—Ä–æ–¥–Ω–æ–º —Ñ–æ—Ä–º–∞—Ç–µ* \(–Ω–∞—á–∏–Ω–∞—è —Å \+ –∏–ª–∏ 00\)\. –ú–µ–∂–¥—É–Ω–∞—Ä–æ–¥–Ω—ã–π –∫–æ–¥ –ò—Ä–ª–∞–Ω–¥–∏–∏ \+353, –£–∫—Ä–∞–∏–Ω—ã \+380\. –ü–æ–ª–Ω—ã–π —Å–ø–∏—Å–æ–∫ —Ç–µ–ª–µ—Ñ–æ–Ω–Ω—ã—Ö –∫–æ–¥–æ–≤ —Å—Ç—Ä–∞–Ω –¥–æ—Å—Ç—É–ø–µ–Ω, –Ω–∞–ø—Ä–∏–º–µ—Ä, –Ω–∞ [—ç—Ç–æ–º —Å–∞–π—Ç–µ](https://zabor.zp.ua/spravka/kodi_stran.htm)\. –í—ã —Ç–∞–∫–∂–µ –º–æ–∂–µ—Ç–µ –ø—Ä–æ—Å—Ç–æ –Ω–∞–∂–∞—Ç—å –ø–æ—è–≤–∏–≤—à—É—é—Å—è –∫–Ω–æ–ø–∫—É –≤ –Ω–∏–∂–Ω–µ–π —á–∞—Å—Ç–∏ —ç–∫—Ä–∞–Ω–∞, —á—Ç–æ–±—ã –ø–æ–¥–µ–ª–∏—Ç—å—Å—è —Å–≤–æ–∏–º —Ç–µ–∫—É—â–∏–º –Ω–æ–º–µ—Ä–æ–º —Ç–µ–ª–µ—Ñ–æ–Ω–∞",
share_phone,Tap to share your phone number,"–ù–∞–∂–º–∏—Ç–µ, —á—Ç–æ–±—ã –ø–æ–¥–µ–ª–∏—Ç—å—Å—è —Å–≤–æ–∏–º –Ω–æ–º–µ—Ä–æ–º —Ç–µ–ª–µ—Ñ–æ–Ω–∞",
ask_email,Please provide your email,"–ü–æ–∂–∞–ª—É–π—Å—Ç–∞, —Å–æ–æ–±—â–∏—Ç–µ —Å–≤–æ–π –∞–¥—Ä–µ—Å —ç–ª–µ–∫—Ç—Ä–æ–Ω–Ω–æ–π –ø–æ—á—Ç—ã",
invalid_email,This doesn't look like a valid email. Please try again.,"–≠—Ç–æ –Ω–µ –æ—á–µ–Ω—å –ø–æ—Ö–æ–∂–µ –Ω–∞ –∞–¥—Ä–µ—Å —ç–ª–µ–∫—Ç—Ä–æ–Ω–Ω–æ–π –ø–æ—á—Ç—ã. –ü–æ–∂–∞–ª—É–π—Å—Ç–∞, –ø–æ–ø—Ä–æ–±—É–π—Ç–µ –µ—â—ë —Ä–∞–∑.",
invalid_phone_number,Please provide a valid phone number,"–ü–æ–∂–∞–ª—É–π—Å—Ç–∞, –Ω–∞–ø–∏—à–∏—Ç–µ –Ω–æ–º–µ—Ä —Ç–µ–ª–µ—Ñ–æ–Ω–∞ –≤ –≤–µ—Ä–Ω–æ–º —Ñ–æ—Ä–º–∞—Ç–µ",
user_already_exists,"A user with this name and contact details already exists. Please contact your coordinator or, if you are already registered through me, just wait for us to contact you when we find a group for you. I am terminating the registration process. Bye for now!","–ü–æ–ª—å–∑–æ–≤–∞—Ç–µ–ª—å —Å —Ç–∞–∫–∏–º–∏ –¥–∞–Ω–Ω—ã–º–∏ —É–∂–µ —Å—É—â–µ—Å—Ç–≤—É–µ—Ç. –ü–æ–∂–∞–ª—É–π—Å—Ç–∞, —Å–≤—è–∂–∏—Ç–µ—Å—å —Å–æ —Å–≤–æ–∏–º –∫–æ–æ—Ä–¥–∏–Ω–∞—Ç–æ—Ä–æ–º. –ï—Å–ª–∏ –∂–µ –í—ã —É–∂–µ –ø—Ä–æ—Ö–æ–¥–∏–ª–∏ —Ä–µ–≥–∏—Å—Ç—Ä–∞—Ü–∏—é –∑–¥–µ—Å—å, –ø–æ–≤—Ç–æ—Ä–Ω–æ —Ä–µ–≥–∏—Å—Ç—Ä–∏—Ä–æ–≤–∞—Ç—å—Å—è –Ω–µ –Ω—É–∂–Ω–æ: –Ω–∞–¥–æ –ø—Ä–æ—Å—Ç–æ –ø–æ–¥–æ–∂–¥–∞—Ç—å, –ø–æ–∫–∞ –º—ã –Ω–∞–π–¥—ë–º –¥–ª—è –í–∞—Å –≥—Ä—É–ø–ø—É –∏ —Å–≤—è–∂–µ–º—Å—è —Å –í–∞–º–∏. –Ø –∑–∞–≤–µ—Ä—à–∞—é –ø—Ä–æ—Ü–µ—Å—Å —Ä–µ–≥–∏—Å—Ç—Ä–∞—Ü–∏–∏. –î–æ —Å–≤—è–∑–∏!",
ask_timezone,What's your timezone? Choose your current time (offset relative to UTC is indicated in parentheses),–í –∫–∞–∫–æ–º –í—ã —á–∞—Å–æ–≤–æ–º –ø–æ—è—Å–µ? –í—ã–±–µ—Ä–∏—Ç–µ –í–∞—à–µ —Ç–µ–∫—É—â–µ–µ –≤—Ä–µ–º—è (–≤ —Å–∫–æ–±–∫–∞—Ö —É–∫–∞–∑–∞–Ω–∞ —Ä–∞–∑–Ω–∏—Ü–∞ –≤ —á–∞—Å–∞—Ö –æ—Ç–Ω–æ—Å–∏—Ç–µ–ª—å–Ω–æ UTC),
ask_timeslots,What time slots suit you,–ö–∞–∫–∏–µ —á–∞—Å—ã –í–∞–º –ø–æ–¥—Ö–æ–¥—è—Ç,
ask_slots_0,on Monday,–ø–æ –ø–æ–Ω–µ–¥–µ–ª—å–Ω–∏–∫–∞–º,
ask_slots_1,on Tuesday,–ø–æ –≤—Ç–æ—Ä–Ω–∏–∫–∞–º,
ask_slots_2,on Wednesday,–ø–æ —Å—Ä–µ–¥–∞–º,
ask_slots_3,on Thursday,–ø–æ —á–µ—Ç–≤–µ—Ä–≥–∞–º,
ask_slots_4,on Friday,–ø–æ –ø—è—Ç–Ω–∏—Ü–∞–º,
ask_slots_5,on Saturday,–ø–æ —Å—É–±–±–æ—Ç–∞–º,
ask_slots_6,on Sunday,–ø–æ –≤–æ—Å–∫—Ä–µ—Å–µ–Ω—å—è–º,
ask_slots_next,Done with this day ‚û°Ô∏è,—Å —ç—Ç–∏–º –¥–Ω—ë–º –≤—Å—ë ‚û°Ô∏è,
no_slots_selected,"You've selected no slots at all! Let's try again","–í—ã –Ω–µ –≤—ã–±—Ä–∞–ª–∏ –≤–æ–æ–±—â–µ –Ω–∏ –æ–¥–Ω–æ–≥–æ —Å–ª–æ—Ç–∞! –ü–æ–ø—Ä–æ–±—É–µ–º –µ—â—ë —Ä–∞–∑",
ask_teaching_language_student,What language do you want to learn\? Please note that you can only choose *one* language right now\. You can add a second language later on through our coordinator\.,–ö–∞–∫–æ–π —è–∑—ã–∫ –í—ã —Ö–æ—Ç–∏—Ç–µ —É—á–∏—Ç—å\? –°–µ–π—á–∞—Å –í—ã –º–æ–∂–µ—Ç–µ –≤—ã–±—Ä–∞—Ç—å *—Ç–æ–ª—å–∫–æ –æ–¥–∏–Ω —è–∑—ã–∫*\. –í—ã –º–æ–∂–µ—Ç–µ –∑–∞—Ç–µ–º –¥–æ–±–∞–≤–∏—Ç—å –µ—â—ë –æ–¥–∏–Ω —è–∑—ã–∫ —á–µ—Ä–µ–∑ –Ω–∞—à–µ–≥–æ –∫–æ–æ—Ä–¥–∏–Ω–∞—Ç–æ—Ä–∞\.,
ask_teaching_language_teacher,What language(s) do you want to teach\?,–ö–∞–∫–∏–µ —è–∑—ã–∫–∏ –í—ã –≥–æ—Ç–æ–≤—ã –ø—Ä–µ–ø–æ–¥–∞–≤–∞—Ç—å\?,
ask_student_if_can_read_in_english,Can you read in English\?,–í—ã –º–æ–∂–µ—Ç–µ —á–∏—Ç–∞—Ç—å –ø–æ\-–∞–Ω–≥–ª–∏–π—Å–∫–∏\?,
ask_student_how_long_been_learning_english,How long have you been learning English?,–°–∫–æ–ª—å–∫–æ –ø–æ –≤—Ä–µ–º–µ–Ω–∏ –í—ã —É–∂–µ –∏–∑—É—á–∞–µ—Ç–µ –∞–Ω–≥–ª–∏–π—Å–∫–∏–π?,
option_less_than_year,Less than a year,–ú–µ–Ω—å—à–µ –≥–æ–¥–∞,
option_year_or_more,One year or more,–ì–æ–¥ –∏–ª–∏ –±–æ–ª—å—à–µ,
ask_language_level_student,What is your level of,–ù–∞ –∫–∞–∫–æ–º —É—Ä–æ–≤–Ω–µ –í—ã –∑–Ω–∞–µ—Ç–µ,(–Ω—É–∂–µ–Ω –≤–∏–Ω–∏—Ç–µ–ª—å–Ω—ã–π –ø–∞–¥–µ–∂)
ask_teaching_language_done,That's it üòä,–í—Å—ë! üòä,
ask_language_level_teacher,To what levels would you like to teach,–ù–∞ –∫–∞–∫–∏—Ö —É—Ä–æ–≤–Ω—è—Ö –í—ã —Ö–æ—Ç–µ–ª–∏ –±—ã –ø—Ä–µ–ø–æ–¥–∞–≤–∞—Ç—å,
ask_teaching_language_level_done,Done with this language ‚û°Ô∏è,–° —ç—Ç–∏–º —è–∑—ã–∫–æ–º –≤—Å—ë ‚û°Ô∏è,
ask_class_communication_language_student,What language (apart from the language being learnt) can you communicate in during classes?,–ù–∞ –∫–∞–∫–æ–º —è–∑—ã–∫–µ (–ø–æ–º–∏–º–æ –∏–∑—É—á–∞–µ–º–æ–≥–æ) —É—á–∏—Ç–µ–ª—å –º–æ–∂–µ—Ç –æ–±—â–∞—Ç—å—Å—è —Å –í–∞–º–∏ –Ω–∞ –∑–∞–Ω—è—Ç–∏—è—Ö?,
ask_class_communication_language_teacher,"What language (apart from the language you teach) can you communicate in with students during classes? Please note that we are asking about your ability to speak Ukrainian or Russian fluently enough, not about your style of teaching","–ù–∞ –∫–∞–∫–æ–º —è–∑—ã–∫–µ (–ø–æ–º–∏–º–æ —Ç–æ–≥–æ, –∫–æ—Ç–æ—Ä—ã–π –í—ã –ø—Ä–µ–ø–æ–¥–∞—ë—Ç–µ) –í—ã –º–æ–∂–µ—Ç–µ –æ–±—â–∞—Ç—å—Å—è —Å–æ —Å—Ç—É–¥–µ–Ω—Ç–∞–º–∏ –Ω–∞ –∑–∞–Ω—è—Ç–∏—è—Ö? –û–±—Ä–∞—Ç–∏—Ç–µ –≤–Ω–∏–º–∞–Ω–∏–µ: –º—ã —Å–ø—Ä–∞—à–∏–≤–∞–µ–º –æ —Ç–æ–º, –∑–Ω–∞–µ—Ç–µ –ª–∏ –í—ã —É–∫—Ä–∞–∏–Ω—Å–∫–∏–π –∏–ª–∏ —Ä—É—Å—Å–∫–∏–π –¥–æ—Å—Ç–∞—Ç–æ—á–Ω–æ —Ö–æ—Ä–æ—à–æ, –∞ –Ω–µ –æ —Å—Ç–∏–ª–µ –í–∞—à–µ–≥–æ –ø—Ä–µ–ø–æ–¥–∞–≤–∞–Ω–∏—è.",
class_communication_language_option_ru,In Russian only,—Ç–æ–ª—å–∫–æ –Ω–∞ —Ä—É—Å—Å–∫–æ–º,
class_communication_language_option_ua,In Ukrainian only,—Ç–æ–ª—å–∫–æ –Ω–∞ —É–∫—Ä–∞–∏–Ω—Å–∫–æ–º,
class_communication_language_option_ru_ua,In any of those two,–Ω–∞ –ª—é–±–æ–º –∏–∑ –Ω–∏—Ö,
class_communication_language_option_l2_only,Only in the language I teach,—Ç–æ–ª—å–∫–æ –Ω–∞ –∏–∑—É—á–∞–µ–º–æ–º —è–∑—ã–∫–µ,
ask_student_start_assessment,"OK, now we're ready to begin your assessment\! It will take around 15 minutes\. Please note that *you will not be able to change your answers*, so pay attention\! This assessment will help our coordinators and teachers pick the most suitable group for you\. Please press the button to proceed\.","–ú—ã –≥–æ—Ç–æ–≤—ã –Ω–∞—á–∞—Ç—å —Ç–µ—Å—Ç–∏—Ä–æ–≤–∞–Ω–∏–µ\! –û–Ω–æ –∑–∞–π–º—ë—Ç –æ–∫–æ–ª–æ 15 –º–∏–Ω—É—Ç –∏ –ø–æ–º–æ–∂–µ—Ç –Ω–∞—à–∏–º –∫–æ–æ—Ä–¥–∏–Ω–∞—Ç–æ—Ä–∞–º –∏ —É—á–∏—Ç–µ–ª—è–º –ø–æ–¥–æ–±—Ä–∞—Ç—å –¥–ª—è –í–∞—Å –Ω–∞–∏–±–æ–ª–µ–µ –ø–æ–¥—Ö–æ–¥—è—â—É—é –≥—Ä—É–ø–ø—É\. –ü–æ–∂–∞–ª—É–π—Å—Ç–∞, —É—á—Ç–∏—Ç–µ, —á—Ç–æ *–í—ã –Ω–µ —Å–º–æ–∂–µ—Ç–µ –∏–∑–º–µ–Ω–∏—Ç—å —Å–≤–æ–∏ –æ—Ç–≤–µ—Ç—ã*, –ø–æ—ç—Ç–æ–º—É —Ö–æ—Ä–æ—à–æ –ø–æ–¥—É–º–∞–π—Ç–µ –Ω–∞–¥ –∫–∞–∂–¥—ã–º –≤–æ–ø—Ä–æ—Å–æ–º\. –ù–∞–∂–º–∏—Ç–µ –∫–Ω–æ–ø–∫—É, —á—Ç–æ–±—ã –ø—Ä–æ–¥–æ–ª–∂–∏—Ç—å\.",
assessment_option_start,Let's start!,–ù–∞—á–∏–Ω–∞–µ–º!,
assessment_option_dont_know,I don't know,–Ø –Ω–µ –∑–Ω–∞—é,
ask_teacher_experience,Do you have teaching experience?,–£ –í–∞—Å –µ—Å—Ç—å –æ–ø—ã—Ç –ø—Ä–µ–ø–æ–¥–∞–≤–∞–Ω–∏—è?,
ask_teacher_number_of_groups,How many groups would you like to teach?,–°–∫–æ–ª—å–∫–æ –≥—Ä—É–ø–ø –í—ã –±—ã —Ö–æ—Ç–µ–ª–∏ –≤–∑—è—Ç—å?,
option_number_of_groups_1,One for now,–î–ª—è –Ω–∞—á–∞–ª–∞ –æ–¥–Ω—É,
option_number_of_groups_2,I can take two right away!,–ú–æ–≥—É –≤–∑—è—Ç—å —Å—Ä–∞–∑—É –¥–≤–µ!,
ask_teacher_frequency,How often do you intend to teach one group? Choose the most preferable option.,–° –∫–∞–∫–æ–π –ø–µ—Ä–∏–æ–¥–∏—á–Ω–æ—Å—Ç—å—é –í—ã —Ö–æ—Ç–µ–ª–∏ –±—ã –∑–∞–Ω–∏–º–∞—Ç—å—Å—è —Å –æ–¥–Ω–æ–π –≥—Ä—É–ø–ø–æ–π? –í—ã–±–µ—Ä–∏—Ç–µ –æ–¥–∏–Ω –Ω–∞–∏–±–æ–ª–µ–µ –ø—Ä–µ–¥–ø–æ—á—Ç–∏—Ç–µ–ª—å–Ω—ã–π –≤–∞—Ä–∏–∞–Ω—Ç.,
option_frequency_1,Once a week,–û–¥–∏–Ω —Ä–∞–∑ –≤ –Ω–µ–¥–µ–ª—é,
option_frequency_2,Twice a week,–î–≤–∞ —Ä–∞–∑–∞ –≤ –Ω–µ–¥–µ–ª—é,
option_frequency_3,Three times a week,–¢—Ä–∏ —Ä–∞–∑–∞ –≤ –Ω–µ–¥–µ–ª—é,
ask_teacher_student_age_groups,What age groups would you like to teach?,–£—á–µ–Ω–∏–∫–∞–º –∫–∞–∫–∏—Ö –≤–æ–∑—Ä–∞—Å—Ç–æ–≤ –í—ã –±—ã —Ö–æ—Ç–µ–ª–∏ –ø—Ä–µ–ø–æ–¥–∞–≤–∞—Ç—å?,
option_children,Children (6 to 11 years old),–î–µ—Ç–∏ (–æ—Ç 6 –¥–æ 11 –ª–µ—Ç),
option_adolescents,Adolescents (12 to 18 years old),–ü–æ–¥—Ä–æ—Å—Ç–∫–∏ (–æ—Ç 12 –¥–æ 18 –ª–µ—Ç),
option_adults,Adults (18 and older),–í–∑—Ä–æ—Å–ª—ã–µ (18 –ª–µ—Ç –∏ —Å—Ç–∞—Ä—à–µ),
ask_non_teaching_help_student,What additional help do you require? Please note that we only provide additional help once you have started to take group classes,"–ö–∞–∫–∞—è –¥–æ–ø–æ–ª–Ω–∏—Ç–µ–ª—å–Ω–∞—è –ø–æ–º–æ—â—å –º–æ–∂–µ—Ç –í–∞–º –ø–æ–Ω–∞–¥–æ–±–∏—Ç—å—Å—è? –ü–æ–∂–∞–ª—É–π—Å—Ç–∞, —É—á—Ç–∏—Ç–µ, —á—Ç–æ –¥–æ–ø–æ–ª–Ω–∏—Ç–µ–ª—å–Ω—ã–µ –≤–∏–¥—ã –ø–æ–¥–¥–µ—Ä–∂–∫–∏ –±—É–¥—É—Ç –¥–æ—Å—Ç—É–ø–Ω—ã –í–∞–º —Ç–æ–ª—å–∫–æ –ø–æ—Å–ª–µ —Ç–æ–≥–æ, –∫–∞–∫ –í—ã –Ω–∞—á–Ω—ë—Ç–µ –∑–∞–Ω–∏–º–∞—Ç—å—Å—è –≤ –≥—Ä—É–ø–ø–µ",
ask_non_teaching_help_teacher,What additional help can you provide to our students?,–ö–∞–∫—É—é –¥–æ–ø–æ–ª–Ω–∏—Ç–µ–ª—å–Ω–∞—è –ø–æ–º–æ—â—å –í—ã –º–æ–≥–ª–∏ –±—ã –æ–∫–∞–∑—ã–≤–∞—Ç—å –Ω–∞—à–∏–º —Å—Ç—É–¥–µ–Ω—Ç–∞–º?,
option_non_teaching_help_cv_write_edit,Write or edit a CV,–ù–∞–ø–∏—Å–∞—Ç—å –∏–ª–∏ –æ—Ç—Ä–µ–¥–∞–∫—Ç–∏—Ä–æ–≤–∞—Ç—å —Ä–µ–∑—é–º–µ,
option_non_teaching_help_cv_proofread,Proofread a CV,–í—ã—á–∏—Ç–∞—Ç—å —Ä–µ–∑—é–º–µ,
option_non_teaching_help_mock_interview,Mock interview,–û—Ç—Ä–µ–ø–µ—Ç–∏—Ä–æ–≤–∞—Ç—å —Å–æ–±–µ—Å–µ–¥–æ–≤–∞–Ω–∏–µ,
option_non_teaching_help_job_search,Give advice on job search,–°–æ–≤–µ—Ç –ø–æ —Ç—Ä—É–¥–æ—É—Å—Ç—Ä–æ–π—Å—Ç–≤—É,
option_non_teaching_help_career_strategy,Career strategy,–ö–∞—Ä—å–µ—Ä–Ω–∞—è —Å—Ç—Ä–∞—Ç–µ–≥–∏—è,
option_non_teaching_help_linkedin,LinkedIn profile,–ü—Ä–æ—Ñ–∏–ª—å –≤ LinkedIn,
option_non_teaching_help_career_switch,Career switch,–ü—Ä–æ—Ñ–µ—Å—Å–∏–æ–Ω–∞–ª—å–Ω–∞—è –ø–µ—Ä–µ–æ—Ä–∏–µ–Ω—Ç–∞—Ü–∏—è,
option_non_teaching_help_portfolio,Portfolio for creative industries,–ü–æ—Ä—Ç—Ñ–æ–ª–∏–æ –¥–ª—è –∫—Ä–µ–∞—Ç–∏–≤–Ω—ã—Ö –ø—Ä–æ—Ñ–µ—Å—Å–∏–π,
option_non_teaching_help_uni_abroad,Entering a university abroad,–ü–æ—Å—Ç—É–ø–ª–µ–Ω–∏–µ –≤ –≤—É–∑ –∑–∞ —Ä—É–±–µ–∂–æ–º,
option_non_teaching_help_translate_docs,Translation of documents,–ü–µ—Ä–µ–≤–æ–¥ –¥–æ–∫—É–º–µ–Ω—Ç–æ–≤,
option_non_teaching_help_done,Next question please!,–°–ª–µ–¥—É—é—â–∏–π –≤–æ–ø—Ä–æ—Å!,
option_non_teaching_help_none_student,I don't need any of this,–ù–µ –Ω—É–∂–Ω–æ –Ω–∏—á–µ–≥–æ –∏–∑ –ø–µ—Ä–µ—á–∏—Å–ª–µ–Ω–Ω–æ–≥–æ,
option_non_teaching_help_none_teacher,I can't help with any of this,–ù–µ –º–æ–≥—É –ø–æ–º–æ—á—å –Ω–∏ —Å —á–µ–º –∏–∑ –ø–µ—Ä–µ—á–∏—Å–ª–µ–Ω–Ω–æ–≥–æ,
ask_teacher_peer_help,How could you help less experienced teachers in their work?,–ö–∞–∫ –í—ã –º–æ–≥–ª–∏ –±—ã –ø–æ–º–æ–≥–∞—Ç—å –º–µ–Ω–µ–µ –æ–ø—ã—Ç–Ω—ã–º –∫–æ–ª–ª–µ–≥–∞–º?,
option_teacher_peer_help_consult,Give one-on-one/group consultations,–ö–æ–Ω—Å—É–ª—å—Ç–∏—Ä–æ–≤–∞—Ç—å –∏–Ω–¥–∏–≤–∏–¥—É–∞–ª—å–Ω–æ –∏–ª–∏ –≤ –≥—Ä—É–ø–ø–µ,
option_teacher_peer_help_children_group,Help with teaching children,–ü–æ–º–æ—á—å —Å –¥–µ—Ç—Å–∫–æ–π –≥—Ä—É–ø–ø–æ–π,
option_teacher_peer_help_materials,Help with teaching materials,–ü–æ–º–æ—á—å —Å –º–∞—Ç–µ—Ä–∏–∞–ª–∞–º–∏,
option_teacher_peer_help_check_syllabus,Check the syllabus,–ü—Ä–æ–≤–µ—Ä–∏—Ç—å –ø—Ä–æ–≥—Ä–∞–º–º—É,
option_teacher_peer_help_feedback,Give feedback on a class,–î–∞—Ç—å —Ñ–∏–¥–±—ç–∫ –ø–æ —É—Ä–æ–∫—É,
option_teacher_peer_help_invite,Invite to my class,–ü—Ä–∏–≥–ª–∞—Å–∏—Ç—å –Ω–∞ —Å–≤–æ–π —É—Ä–æ–∫,
option_teacher_peer_help_tandem,Tandem work,–ü–æ—Ä–∞–±–æ—Ç–∞—Ç—å –≤ —Ç–∞–Ω–¥–µ–º–µ,
ask_teacher_peer_help_done,Next question! I'm getting tired üò¥,–°–ª–µ–¥—É—é—â–∏–π –≤–æ–ø—Ä–æ—Å! –Ø –Ω–∞—á–∏–Ω–∞—é —É—Å—Ç–∞–≤–∞—Ç—å üò¥,
ask_teacher_any_additional_help,Do you have any other skills that you think could help us or our students?,–•–æ—Ç–∏—Ç–µ –ª–∏ –í—ã –ø–æ–º–æ—á—å –Ω–∞–º –∏–ª–∏ –Ω–∞—à–∏–º —Å—Ç—É–¥–µ–Ω—Ç–∞–º –µ—â—ë –∫–∞–∫–∏–º–∏-–Ω–∏–±—É–¥—å —Å–≤–æ–∏–º–∏ –∫–æ–º–ø–µ—Ç–µ–Ω—Ü–∏—è–º–∏?,
ask_teacher_student_age_groups_done,Done üòä,–ì–æ—Ç–æ–≤–æ üòä,
ask_review,Now let's quickly review your basic information.,–î–∞–≤–∞–π—Ç–µ –ø—Ä–æ–≤–µ—Ä–∏–º –í–∞—à–∏ –æ—Å–Ω–æ–≤–Ω—ã–µ –¥–∞–Ω–Ω—ã–µ.,
review_first_name,Your first name,–í–∞—à–µ –∏–º—è,
review_last_name,Your last name,–í–∞—à–∞ —Ñ–∞–º–∏–ª–∏—è,
review_username,You allowed to store your Telegram username,–í—ã —Ä–∞–∑—Ä–µ—à–∏–ª–∏ –Ω–∞–º —Å–æ—Ö—Ä–∞–Ω–∏—Ç—å —Å–≤–æ–π –Ω–∏–∫ –≤ Telegram,
review_phone_number,Your phone number,–í–∞—à –Ω–æ–º–µ—Ä —Ç–µ–ª–µ—Ñ–æ–Ω–∞,
review_email,Your email address,–í–∞—à –∞–¥—Ä–µ—Å —ç–ª–µ–∫—Ç—Ä–æ–Ω–Ω–æ–π –ø–æ—á—Ç—ã,
review_student_age_group,Your age group,–í–∞—à–∞ –≤–æ–∑—Ä–∞—Å—Ç–Ω–∞—è –≥—Ä—É–ø–ø–∞,
review_timezone,Your timezone,–í–∞—à —á–∞—Å–æ–≤–æ–π –ø–æ—è—Å,
review_availability,Your availability slots,–í–∞—à–∏ –¥–Ω–∏ –∏ —á–∞—Å—ã –¥–æ—Å—Ç—É–ø–Ω–æ—Å—Ç–∏,
review_languages_levels,Your language(s) and level(s),–í—ã –≤—ã–±—Ä–∞–ª–∏ —è–∑—ã–∫(–∏) –∏ —É—Ä–æ–≤–µ–Ω—å/—É—Ä–æ–≤–Ω–∏,
review_communication_language,Your preferred language(s) of communication in class,–Ø–∑—ã–∫(–∏) –æ–±—â–µ–Ω–∏—è –≤ –≥—Ä—É–ø–ø–µ,
review_reaction_yes,Everything is correct üëç,–≤—Å—ë –≤–µ—Ä–Ω–æ üëç,
review_reaction_no,I need to make corrections,–Ω—É–∂–Ω–æ –∫–æ–µ-—á—Ç–æ –ø–æ–ø—Ä–∞–≤–∏—Ç—å,
review_ask_category,What information do you wish to edit?,–ö–∞–∫—É—é –∏–Ω—Ñ–æ—Ä–º–∞—Ü–∏—é –Ω—É–∂–Ω–æ –∏—Å–ø—Ä–∞–≤–∏—Ç—å?,
review_option_first_name,First name,–ò–º—è,
review_option_last_name,Last name,–§–∞–º–∏–ª–∏—é,
review_option_email,Email address,–ê–¥—Ä–µ—Å —ç–ª–µ–∫—Ç—Ä–æ–Ω–Ω–æ–π –ø–æ—á—Ç—ã,
review_option_phone_number,Phone number,–ù–æ–º–µ—Ä —Ç–µ–ª–µ—Ñ–æ–Ω–∞,
review_option_student_age_group,Age group,–í–æ–∑—Ä–∞—Å—Ç–Ω—É—é –≥—Ä—É–ø–ø—É,
review_option_timezone,Timezone,–ß–∞—Å–æ–≤–æ–π –ø–æ—è—Å,
review_option_availability,Availability slots,–î–Ω–∏ –∏ —á–∞—Å—ã –¥–æ—Å—Ç—É–ø–Ω–æ—Å—Ç–∏,
review_option_language_and_level,Language(s) and level(s),–Ø–∑—ã–∫(–∏) –∏ —É—Ä–æ–≤–µ–Ω—å/—É—Ä–æ–≤–Ω–∏,
review_option_class_communication_language,Language(s) of communication in class,–Ø–∑—ã–∫(–∏) –æ–±—â–µ–Ω–∏—è –Ω–∞ –∑–∞–Ω—è—Ç–∏—è—Ö,
ask_final_comment,"Is there anything else you want to tell us as a final comment?","–•–æ—Ç–∏—Ç–µ –ª–∏ –í—ã –Ω–∞–º —Å–æ–æ–±—â–∏—Ç—å –æ —Å–µ–±–µ –µ—â—ë —á—Ç–æ-–Ω–∏–±—É–¥—å –≤ –∫–∞—á–µ—Å—Ç–≤–µ –∑–∞–∫–ª—é—á–∏—Ç–µ–ª—å–Ω–æ–≥–æ –∫–æ–º–º–µ–Ω—Ç–∞—Ä–∏—è?",
bye_teacher_under_18,Thank you! We will keep you in mind üòä,–°–ø–∞—Å–∏–±–æ! –ú—ã –±—É–¥–µ–º –∏–º–µ—Ç—å –í–∞—Å –≤ –≤–∏–¥—É üòä,
bye_wait_for_message,Thank you! We will message you here as soon as a group becomes available.,"–°–ø–∞—Å–∏–±–æ! –ö–∞–∫ —Ç–æ–ª—å–∫–æ –ø–æ—è–≤–∏—Ç—Å—è –≥—Ä—É–ø–ø–∞, –º—ã —Å–≤—è–∂–µ–º—Å—è —Å –í–∞–º–∏ –∑–¥–µ—Å—å.",
bye_cancel,You canceled the registration process. Enter /start to start again.,"–í—ã –æ—Ç–º–µ–Ω–∏–ª–∏ –ø—Ä–æ—Ü–µ—Å—Å —Ä–µ–≥–∏—Å—Ç—Ä–∞—Ü–∏–∏. –í–≤–µ–¥–∏—Ç–µ /start, —á—Ç–æ–±—ã –Ω–∞—á–∞—Ç—å –∑–∞–Ω–æ–≤–æ",
